*#VILLE#;#LOREM[150,300]#;Resume#LOREM[10,150]#;#RAND[1,6]#;#RAND[1900,2016]#-#RAND[1,12]#-#RAND[1,12]#;#RAND[1,4]#
*Voillans;Velit aliquet convallis aenean justo ante. donec hendrerit augue nisl curabitur dolor nostra. a non purus conubia pellentesque nostra sociosqu quis. eget pharetra justo id phasellus. porta curabitur etiam facilisis condimentum non libero. amet potenti fusce justo condimentum quam. duis sodales habitasse aenean sit conubia feugiat et. sodales quam iaculis eget per venenatis mi dictum. metus suspendisse accumsan venenatis pulvinar. laoreet diam lacinia magna litora arcu lorem phasellus. tristique ut urna felis. donec per quam at. ligula dictum cubilia sociosqu ullamcorper feugiat etiam. ut aenean morbi lorem. aliquam nunc fringilla ac varius. pretium platea ullamcorper tincidunt fermentum ultricies. dolor velit suscipit adipiscing mauris pharetra. nec aenean bibendum consequat lorem aliquet. feugiat porttitor cras vestibulum lacinia tristique. vestibulum aenean consectetur varius velit. ornare quis porta ut duis vestibulum donec curabitur. magna sagittis eu dui pharetra mi. gravida platea libero vel nec risus turpis dolor. velit ut conubia taciti ac dolor quam. interdum maecenas convallis etiam iaculis quis conubia. consequat facilisis tellus quisque imperdiet interdum elementum varius. blandit morbi et viverra laoreet a. amet molestie ornare hac. vestibulum ut sollicitudin sem ullamcorper tincidunt nec ullamcorper. praesent erat torquent aenean varius class. tristique semper mi dui tempus lorem ut ante. auctor integer vivamus libero mi commodo hac. quis dolor nibh faucibus praesent pellentesque aptent ac. convallis elit lobortis justo ligula class. fringilla lacinia at taciti lorem aliquam enim eu. nulla fames rhoncus primis ante viverra hac pulvinar. sem ligula ipsum conubia nullam nisi. semper tristique venenatis leo elit erat. elementum class egestas habitasse est. condimentum nunc augue accumsan himenaeos. nostra sem suscipit donec rhoncus. senectus pulvinar purus porttitor sem dapibus. nisi pretium donec nam cras. sollicitudin;Resume : Pellentesque interdum molestie varius ad malesuada pulvinar. platea quam inceptos habitant. justo senectus quisque turpis varius. ultrices ante metus fusce quis etiam praesent. sollicitudin;3;1940-2-2;2
*Vesdun;Pulvinar malesuada pulvinar vehicula. habitasse hendrerit suscipit tincidunt himenaeos duis quis elementum. tristique enim scelerisque consectetur dui ac vestibulum. quisque nostra per placerat netus lacus sagittis. amet pellentesque tempus quam. at enim volutpat et mi imperdiet. a cursus luctus dolor. nibh nulla litora ac posuere curae quam aenean. potenti lorem lobortis a laoreet auctor accumsan. quisque suspendisse velit pellentesque. himenaeos ad vitae viverra vestibulum. quisque suspendisse porttitor gravida hac eleifend taciti lobortis. odio porttitor tristique neque mi cubilia. id sociosqu felis aliquam ullamcorper ultrices. viverra aptent laoreet porta posuere feugiat et. inceptos suspendisse fermentum pulvinar. amet netus consectetur amet. lacinia eleifend sollicitudin bibendum justo nullam consequat. senectus mollis elit hendrerit. hac ac aptent facilisis egestas. massa habitant semper elit morbi. nam sollicitudin faucibus diam ligula a phasellus. fermentum augue pellentesque volutpat dictum tincidunt etiam. ipsum venenatis platea pretium potenti a nec. quisque amet eu cursus. integer etiam dui class sollicitudin volutpat. feugiat elementum id vulputate. faucibus tempor adipiscing est. viverra viverra nec ornare lacinia ipsum risus. fusce torquent in nec. augue aliquam elementum ullamcorper metus. ligula vulputate himenaeos auctor potenti elit vestibulum. habitant sed sapien aliquam eleifend suscipit. rhoncus faucibus nisl porttitor commodo maecenas. diam blandit volutpat condimentum. eros fermentum lobortis mi dictum neque accumsan nostra. nulla gravida nibh praesent turpis. taciti pretium massa non nullam. habitasse gravida arcu sagittis bibendum. dapibus laoreet iaculis torquent felis rutrum inceptos. cubilia sapien proin eu enim etiam lacinia maecenas. erat nulla placerat vulputate class. aliquam convallis curabitur sagittis. odio vitae ad nulla nulla enim suscipit. lacus egestas ac augue nullam phasellus. odio aliquam platea orci. fringilla blandit facilisis scelerisque non. a hendrerit luctus elit scelerisque posuere sociosqu adipiscing. cras nullam vestibulum ut hendrerit;Resume : Etiam elementum turpis quis potenti congue dolor. dictum taciti aliquet ante nec ullamcorper velit ut. fringilla volutpat id lacus. ipsum felis lorem venenatis ullamcorper lectus et porttitor. vivamus adipiscing ullamcorper blandit massa et quisque elit. morbi consectetur pharetra curae vestibulum. hendrerit donec rutrum ad aenean donec;2;2014-5-10;3
*Caumont-sur-Durance;Vitae ullamcorper velit at. habitasse porttitor habitasse aliquam. elit pretium lacinia proin. sociosqu felis pellentesque litora turpis consectetur. ultricies dictumst magna ligula viverra eleifend nam ad. quam per tristique sem venenatis tristique auctor aenean. cursus posuere accumsan suspendisse. interdum nibh donec lectus duis etiam class. cubilia sagittis curabitur cras. quisque donec ornare turpis ac integer id. ac malesuada habitasse commodo. aliquet sollicitudin convallis quisque lorem fusce. vitae lacus leo class senectus rhoncus. pellentesque nam viverra morbi et. ornare magna quis inceptos id eleifend urna sodales. platea lorem cras conubia porta inceptos aptent sodales. sodales elit ut tortor. rhoncus class aliquet in fusce. duis faucibus faucibus dolor lacus suspendisse. vestibulum fermentum blandit curabitur sodales semper. vehicula pellentesque pulvinar ipsum himenaeos sagittis neque. aptent eget primis mi ad. suscipit pulvinar molestie donec ut sodales. posuere duis erat pellentesque potenti. scelerisque pharetra aliquet conubia. vivamus facilisis pellentesque suspendisse non dictum iaculis volutpat. inceptos mollis ullamcorper at. varius inceptos laoreet dui. enim ligula nam facilisis. nam posuere enim congue proin dictum taciti consequat. laoreet vehicula eros quam neque euismod et. justo libero diam semper non nullam sodales. volutpat quis fringilla interdum sem euismod adipiscing ante. tristique vehicula duis curae donec curabitur at. enim lobortis vestibulum venenatis tortor vitae hendrerit. magna semper enim dictumst purus ut. facilisis integer enim ultrices eget malesuada habitant eget. litora pretium donec eros hac. sodales lorem sed nisl hendrerit molestie. aliquam auctor cras ut nulla. nunc faucibus purus ac. proin nibh;Resume : Litora curabitur suspendisse imperdiet vel sociosqu pellentesque. nec tincidunt turpis volutpat;2;2000-11-1;2
*Pleumartin;Lectus sollicitudin vivamus sodales integer turpis facilisis. nullam eu porttitor ligula. pellentesque quam faucibus scelerisque. at mollis ac suscipit dapibus ultricies. lectus hendrerit sodales semper convallis vel mattis. aptent luctus inceptos auctor rutrum quam. in blandit vivamus sociosqu erat luctus mattis. ante eget magna laoreet semper consequat leo. faucibus libero quis egestas. consequat malesuada taciti porttitor ad. malesuada eleifend ornare tincidunt. taciti ad facilisis libero. egestas posuere cursus auctor maecenas. nulla blandit donec ad. tristique quam sollicitudin facilisis. semper conubia viverra imperdiet lectus neque nisi curabitur. nam lacinia vulputate aliquet consectetur proin blandit fringilla. at lectus hac quisque condimentum. per aenean ultrices fames cras auctor habitasse habitant. rhoncus eget sagittis suscipit scelerisque phasellus. conubia curabitur pretium curabitur. ut pulvinar leo luctus. auctor ut erat nostra quam ut. metus ultricies interdum risus. amet consectetur dui laoreet lorem fermentum. consequat nibh tellus taciti habitasse. justo fringilla dolor justo luctus leo nec ipsum. habitant aptent fusce ligula sodales enim gravida. vitae pulvinar imperdiet turpis. rutrum congue felis ultrices est. proin per imperdiet euismod felis. proin curae non lacus donec congue dolor. sagittis ultrices dui lorem quis integer dui luctus. ad turpis eros justo nec imperdiet mauris sem. himenaeos vestibulum pellentesque erat dolor euismod maecenas ante. purus aenean condimentum fusce dui arcu proin. sed vehicula morbi phasellus egestas;Resume : Diam hac rhoncus pretium ante. sit eget scelerisque torquent feugiat posuere ut. diam augue pretium morbi fusce mauris. odio elementum magna porta congue dolor proin dictumst. lectus at lectus fermentum inceptos.;4;1962-10-7;2
*Saint-Patrice;Ad aliquet vivamus nam. leo cras id pretium posuere habitant dui. condimentum pretium dui nisl adipiscing mauris aenean. at facilisis in pretium nunc. pulvinar lacinia duis porttitor ut. at nam tempus taciti ipsum feugiat porttitor. a luctus enim mauris posuere lacinia. primis non adipiscing primis dictum tortor. per ut velit platea imperdiet viverra ultrices ac. orci primis tortor accumsan. ante duis congue vulputate hac auctor lacus. ac volutpat platea tempus. mi litora fames ante feugiat phasellus rhoncus. vehicula metus scelerisque curae viverra auctor. urna fusce hendrerit fames aliquam vivamus ornare. lorem ac ipsum tellus adipiscing pretium semper. sociosqu consectetur aliquet sit tristique fames. tempus nam nam potenti. leo nullam elementum tortor vulputate leo. duis feugiat molestie sagittis rutrum etiam molestie. tempor congue venenatis dui in. cursus potenti fermentum duis netus conubia. viverra luctus primis ac aenean. rutrum porttitor cras porta habitasse. feugiat nunc ultricies mi. etiam felis aliquam elementum torquent.;Resume : Ligula justo tortor massa est sodales torquent. dui urna nulla mauris curabitur leo molestie. auctor aptent vivamus velit placerat est bibendum bibendum. eget consectetur potenti urna;5;1904-7-11;1
*Missillac;Sed cras vel magna accumsan risus. mi rhoncus egestas erat facilisis convallis ultricies. cursus tempus duis gravida. porta ullamcorper himenaeos quis hac senectus dictum. volutpat ac conubia per ac nunc pretium. facilisis rutrum et per eleifend etiam. amet dui molestie nunc etiam velit. scelerisque lobortis porta id ac. auctor nisl posuere pharetra elit. aliquam dapibus sed vehicula in taciti lectus mattis. conubia mi facilisis risus. gravida pulvinar ultricies nibh sociosqu conubia conubia semper. varius donec consectetur donec id. cursus ut iaculis habitant blandit interdum vulputate. ante at metus vulputate. risus conubia dui per eleifend sociosqu consectetur. leo donec id laoreet euismod condimentum primis. consectetur venenatis diam cras ultrices platea. quis nunc faucibus maecenas nam scelerisque ut. inceptos ac tortor quisque vitae metus. nullam tempus orci ante suspendisse lacinia. curae sollicitudin neque molestie ultrices volutpat pellentesque habitasse. laoreet etiam egestas rhoncus enim augue tortor maecenas. euismod habitasse potenti sapien hendrerit semper tincidunt bibendum. hac quis aliquet metus malesuada fermentum. sollicitudin lobortis commodo aptent litora class. nec dui vivamus eleifend;Resume : Ut habitant elit tincidunt. felis a tellus viverra neque in etiam. fringilla aliquam malesuada felis tempus. tempor eleifend curabitur consequat. sem elit potenti lobortis. congue hac condimentum accumsan mi ornare pellentesque et. placerat est lacus placerat commodo. proin massa curae laoreet donec taciti. aptent fames nullam;2;1924-9-12;1
*Vasouy;In vel cursus ullamcorper faucibus nibh laoreet. nibh gravida pulvinar rutrum. non varius integer ornare blandit ultricies porttitor interdum. venenatis aenean sociosqu dictumst erat elementum luctus. venenatis phasellus vehicula libero. nam himenaeos aliquam consectetur nam. eleifend magna dictum porttitor. taciti quam etiam pretium primis ad dapibus. fames pellentesque molestie felis fusce metus. malesuada consequat vulputate himenaeos himenaeos senectus pulvinar. lacinia per faucibus turpis ut vulputate eleifend. vivamus nibh interdum venenatis velit iaculis lacus ultricies. aptent purus egestas non aenean suscipit auctor etiam. class integer pellentesque ipsum. lacus enim ligula sociosqu est. primis orci nisl posuere. ullamcorper sed aptent sem mattis per. nam sit vestibulum eu integer curabitur. libero suspendisse netus sapien ut augue fermentum ad. aliquam justo maecenas egestas duis erat. vitae aliquam posuere purus. morbi conubia inceptos lobortis. cursus a nulla velit. fermentum fermentum duis consequat eleifend quisque arcu. dolor ligula tempor curabitur tempor ante. lacus dolor cras aenean suscipit. congue pharetra interdum tempus vel. integer rhoncus orci sagittis. amet in metus id pharetra. quisque nam etiam torquent consequat. orci elementum torquent massa augue inceptos scelerisque. elementum molestie adipiscing ultricies id curae. sed curabitur lectus nisi nostra quisque hendrerit. tempor per nec cras fames. condimentum libero eu sed. donec varius arcu ac adipiscing tortor diam pharetra. feugiat ornare ut tempus non praesent class. mi mollis est metus pulvinar venenatis consectetur sociosqu. in tempor et molestie nam ipsum faucibus. gravida vel ipsum etiam inceptos consectetur purus ut. cubilia eget suspendisse faucibus sit proin fermentum;Resume : Fames nisl potenti semper mi aliquet. lobortis diam amet ut. aliquet phasellus class volutpat augue tellus donec. neque morbi sit commodo pharetra. nam habitasse mi ut. hendrerit nulla fringilla facilisis lacinia dolor pulvinar netus. diam quis arcu lorem netus eget. per ut dui duis. dictum;2;1901-3-8;4
*Montpellier;Tempus erat mauris metus convallis vulputate elementum posuere. libero lobortis blandit mi netus nullam torquent donec. dolor magna eu aliquam nulla condimentum. fames hac euismod donec fringilla massa cras eu. praesent quis quisque enim. scelerisque quisque quis per condimentum metus adipiscing. curabitur ornare sed neque torquent aptent. massa sapien imperdiet dictumst tincidunt consequat viverra placerat. a dolor ultricies pellentesque orci fermentum. senectus elit eleifend elit suscipit condimentum. ornare iaculis aliquam elit neque taciti feugiat pulvinar. quis aenean pellentesque mattis accumsan porta. tellus cras sociosqu facilisis himenaeos sem. venenatis lorem justo fames nunc in sapien. pulvinar lorem nam venenatis potenti. ad a ornare imperdiet eget ornare augue ut. aptent condimentum sollicitudin curabitur ipsum tempus tristique quis. porttitor ad leo curabitur pharetra lorem. justo malesuada pharetra aenean condimentum purus netus. pellentesque ornare ornare cursus tincidunt. conubia sodales torquent neque sapien dictum consequat ornare. sociosqu aenean aptent netus semper facilisis. orci sem interdum phasellus cras proin. vivamus himenaeos vulputate curabitur. massa consectetur aliquam adipiscing. sodales mollis aliquam netus sit. convallis urna bibendum placerat cursus laoreet morbi etiam. malesuada nostra vulputate feugiat urna. justo aenean odio nisi. nostra praesent arcu lacus eleifend feugiat lectus. vulputate quam pellentesque litora lobortis etiam enim porta. ipsum curabitur fusce libero duis. aenean nunc nibh arcu lacinia senectus ut. dictumst imperdiet ac bibendum libero faucibus. senectus magna venenatis condimentum. suspendisse aenean neque cursus morbi. interdum quisque suspendisse ac condimentum augue. habitant quis morbi lobortis libero accumsan. turpis erat aliquet consequat blandit. morbi per habitasse dictumst semper lobortis. ad rutrum viverra sagittis aenean. turpis aliquet quam nulla. lacinia cras tellus facilisis convallis. lacus eleifend pellentesque urna quam aliquet ut conubia. vitae lectus suscipit pretium;Resume : Nostra dictum donec sapien. litora etiam tincidunt aliquam pellentesque egestas aenean. sollicitudin himenaeos integer aenean aliquam. praesent ligula neque conubia bibendum integer elementum. hac aliquam vivamus dui. faucibus phasellus litora amet augue convallis. viverra pharetra pellentesque amet diam. aptent diam rhoncus libero sem;5;1999-4-10;2
*Saint-Just-en-Bas;Orci venenatis enim platea volutpat luctus consectetur. quis dolor odio rhoncus. felis a odio mi malesuada sociosqu lorem. sapien vehicula hendrerit justo. turpis venenatis at per justo. dui turpis ut sem hendrerit pulvinar velit ullamcorper. lacus risus semper egestas dui nunc. lacinia vehicula accumsan per libero felis. semper consectetur id torquent. condimentum posuere curabitur duis. adipiscing vitae class feugiat scelerisque. taciti nullam a quis eleifend sagittis. dictumst per porta eros id turpis. mattis hendrerit phasellus ligula scelerisque diam. mollis interdum dapibus ipsum. tellus euismod amet hendrerit vitae volutpat. mi cubilia per morbi elit ut diam in. nostra aenean lobortis phasellus rutrum in curabitur. ut habitant nisl massa. gravida nulla odio id litora dictumst eros. turpis gravida himenaeos enim egestas. congue neque imperdiet leo non. leo aliquam magna tristique odio et. fames fermentum leo amet porttitor turpis ullamcorper. pellentesque accumsan nec massa aptent. accumsan viverra purus massa mattis. himenaeos tristique ultricies inceptos litora sed malesuada. convallis condimentum fames feugiat urna sed posuere. nec lorem a sagittis dictumst ipsum. molestie tortor suscipit aliquet. pharetra iaculis consequat sapien id bibendum dolor. magna sollicitudin cursus malesuada imperdiet congue pharetra. sit diam netus tincidunt vestibulum. ultricies suspendisse cras congue dui. etiam conubia senectus rhoncus feugiat hac sociosqu. egestas ultricies sociosqu congue porttitor rhoncus neque etiam. per at suspendisse euismod. condimentum diam fringilla et porttitor. ut at posuere ante lectus consequat eu euismod. egestas scelerisque ligula nulla. faucibus mauris etiam adipiscing. interdum aliquet aliquam quisque tempus class volutpat tincidunt. congue torquent quisque ipsum vitae varius metus. vitae lobortis purus himenaeos mattis pellentesque dui. interdum hendrerit potenti fermentum velit nisi mi. ac suscipit consectetur diam. lobortis senectus eget ac lorem posuere.;Resume : Velit imperdiet egestas curae elit nisi nostra quisque. porta mattis arcu donec dui lorem pharetra interdum. nisl porta aptent consectetur malesuada purus sociosqu. iaculis elementum class;1;2009-1-4;4
*Tr√©daniel;Molestie porttitor maecenas morbi nulla blandit sapien. at conubia massa augue nunc interdum. conubia donec quisque ligula fusce litora. phasellus porta condimentum augue senectus vel metus himenaeos. vehicula accumsan varius volutpat. nam rhoncus velit ad augue consequat iaculis eu. magna congue molestie aenean consectetur. eu adipiscing libero platea nulla sed sapien tellus. vehicula nibh tristique ipsum risus. sit a hac venenatis ac neque. porttitor congue venenatis taciti ut proin. lacinia hac dictum euismod pulvinar. torquent mi turpis suscipit bibendum viverra. arcu cursus torquent aliquet rutrum platea ullamcorper taciti. blandit venenatis ipsum vitae magna. molestie molestie senectus sodales aenean diam nunc. cubilia adipiscing dictum porttitor vehicula vulputate rutrum. suscipit convallis tincidunt mauris fringilla maecenas aenean eleifend. a eu eget dictumst commodo hendrerit. pretium condimentum class varius at odio magna luctus. curae eleifend pulvinar molestie feugiat potenti libero. libero mattis gravida venenatis tincidunt diam nostra. auctor a pellentesque dolor et sociosqu tellus. libero iaculis etiam orci hac consequat. potenti magna etiam at ornare. arcu taciti fringilla dui. scelerisque ipsum donec nostra. nunc sapien interdum dictumst. sapien habitant in purus taciti semper erat. aliquet himenaeos ante turpis aliquam. aliquam quam interdum scelerisque praesent litora viverra. sagittis fermentum pharetra ultricies eleifend. habitasse habitant in integer ornare quam litora condimentum. condimentum aliquet ipsum fames odio orci sagittis quisque. odio faucibus iaculis tincidunt senectus eget inceptos tortor. luctus enim justo nulla curae sem facilisis. elit tempor sollicitudin senectus bibendum mi habitasse.;Resume : Aenean mi placerat aenean. sed litora aliquet sollicitudin. curabitur praesent vehicula molestie. ut dui non quis. sollicitudin potenti imperdiet litora ornare. ultricies et imperdiet platea. non senectus dictum vivamus. convallis luctus erat quis non. sapien suspendisse fusce torquent magna. nostra senectus ipsum et. elementum;2;1972-7-10;4
--
--
--
Fichier Commentaires
Comment#RAND[1,3]#;#RAND[1,10]#;#STRRAND[Bien,pas terrible,nul de nul,mais de qui se moque t on]# #LOREM[10,30]#;#RAND[2015,2016]#-#RAND[1,12]#-#RAND[1,12]#
--
Comment3;5;nul de nul Ipsum mollis nam donec. risus pharetra mi ullamcorper dictum sollicitudin. scelerisque mauris enim est. curabitur vulputate eleifend venenatis inceptos. ligula;2015-9-10
Comment1;5;nul de nul Massa inceptos ipsum ut mattis congue. eget quam dictumst vestibulum sollicitudin in ante eros. nulla at primis non etiam dolor.;2016-9-10
Comment3;4;mais de qui se moque t on Pulvinar interdum pharetra sit. interdum potenti sodales eleifend torquent vitae magna consequat. et nostra nec gravida. ut;2016-3-12
Comment3;7;Bien Nibh nostra orci convallis donec sociosqu. nec egestas porta ut eget sem ultricies. ullamcorper aenean risus justo turpis imperdiet placerat. dui faucibus morbi varius. volutpat;2015-7-4
Comment2;5;nul de nul Ut netus phasellus elit himenaeos lorem lectus ultrices. hac hac vitae curae rhoncus pellentesque cras libero. posuere justo interdum integer euismod. maecenas lacinia adipiscing primis.;2015-11-7
Comment1;2;nul de nul Ut non in ut suspendisse bibendum. sapien amet tempus congue. ipsum dui placerat faucibus eget felis curabitur bibendum. inceptos aenean facilisis neque fringilla. potenti lobortis;2015-10-1
Comment3;8;Bien Erat faucibus turpis cubilia aenean posuere. lorem etiam primis nisi suspendisse. ad duis pulvinar tortor imperdiet. nam fringilla;2015-9-4
Comment3;1;Bien Pulvinar ultricies eleifend egestas. hac sapien dictum fermentum sodales etiam dictumst in. mauris orci euismod aliquam eros ut potenti placerat. quisque nibh quam eros;2015-9-6
Comment2;7;nul de nul Habitasse dictumst auctor fames. dui non quisque augue nisi commodo rhoncus. lorem nullam varius per eros platea. platea;2016-2-6
Comment3;7;Bien Rhoncus integer elementum hac curabitur. duis egestas netus sociosqu nisi. rutrum at donec;2015-8-6
Comment2;9;pas terrible Habitant massa maecenas porta primis orci. ante quisque massa aenean tincidunt a ut. vestibulum mattis placerat netus proin conubia sociosqu fringilla. elit proin fringilla cubilia cras semper;2015-5-8
Comment2;1;Bien Justo eros cursus lacus. etiam sociosqu vitae praesent habitant porta. pharetra ullamcorper dui eleifend venenatis lacinia. semper praesent;2016-8-4
Comment2;3;mais de qui se moque t on Vehicula fringilla pulvinar curabitur vestibulum. dapibus sodales primis dapibus ipsum at dui. potenti cubilia euismod semper vivamus.;2015-10-12
Comment3;10;mais de qui se moque t on Donec morbi congue gravida fringilla. quisque commodo donec in velit. faucibus dictum curabitur maecenas feugiat etiam. dui per nullam;2016-3-5
Comment2;8;mais de qui se moque t on Vulputate fermentum ultricies conubia suscipit. viverra nostra congue interdum curabitur himenaeos duis. enim semper sodales adipiscing. himenaeos venenatis;2015-11-2
Comment1;4;Bien Aenean pellentesque tristique a quisque curabitur donec. nam dui elementum gravida. integer ultricies arcu eleifend tincidunt himenaeos. faucibus sem ad molestie libero dictumst primis;2015-5-8
Comment2;2;Bien Eros aliquam quis a donec sit platea. donec himenaeos curabitur placerat. fringilla congue potenti dapibus class in euismod. lorem vestibulum lectus;2016-2-5
Comment2;6;mais de qui se moque t on Sem dui varius blandit quisque dictumst nullam. platea urna lorem urna inceptos augue in. cras;2016-10-8
Comment3;7;nul de nul Platea dictumst turpis vitae congue. etiam venenatis ac iaculis. sociosqu aenean volutpat molestie a. convallis dictumst tempor tristique aliquet. taciti curae facilisis orci porta. vehicula vehicula nisl proin quis;2015-11-10
Comment1;1;nul de nul Viverra vel mi molestie congue. euismod euismod non faucibus dictumst elementum. gravida vel libero cubilia vestibulum facilisis fusce. pretium diam quam elit accumsan. gravida commodo ornare;2016-12-8
Comment3;9;Bien Elementum in torquent nam posuere nunc. nunc nulla sem pharetra nibh;2015-7-6
Comment1;4;mais de qui se moque t on Cursus sagittis porttitor inceptos dictumst. velit habitasse duis in fusce nostra velit cursus.;2015-2-12
Comment2;2;Bien Posuere conubia augue curabitur. non urna feugiat netus enim ut;2015-8-11
Comment1;8;nul de nul Fames magna platea accumsan. eros sem vulputate id bibendum leo imperdiet himenaeos. posuere pretium purus facilisis erat. placerat;2015-5-9
Comment3;2;Bien Eleifend risus nulla faucibus. euismod netus interdum ligula pharetra. auctor primis auctor rutrum.;2016-5-8
Comment1;7;nul de nul Rutrum risus vestibulum fermentum facilisis vehicula congue dolor. ultrices varius sollicitudin velit facilisis;2016-11-10
Comment2;8;Bien Senectus leo fusce lacus ante tempor porta. posuere dapibus torquent donec donec vehicula cursus. mi pharetra diam class volutpat;2016-6-4
Comment3;4;mais de qui se moque t on Et nec vestibulum velit egestas et consectetur massa. taciti primis dolor porta vitae nisl porta. magna adipiscing consectetur diam aliquam mattis euismod. a potenti;2016-1-1
Comment2;9;nul de nul Laoreet at felis tempor praesent felis gravida. porttitor vulputate augue mauris dui suspendisse litora varius. felis suscipit habitant ut. odio venenatis egestas habitasse eu. etiam habitasse consequat cubilia curabitur;2015-7-5
Comment3;3;pas terrible Urna hendrerit suspendisse etiam non congue dolor. varius dapibus rhoncus sagittis fames integer. luctus fringilla arcu ante. tincidunt curae adipiscing faucibus porta;2016-5-6
Comment2;5;Bien Quisque amet vehicula aliquam. odio mollis ornare interdum netus morbi primis praesent. sed nam vestibulum vel sociosqu ad primis adipiscing. felis tempor integer vehicula;2016-12-12
Comment3;1;nul de nul Luctus ultricies consectetur erat. urna sociosqu lorem morbi in. dictum a egestas quam velit. donec dapibus consequat auctor cubilia ad. tincidunt leo sed sit dictumst ornare;2016-12-5
Comment1;1;pas terrible Volutpat sollicitudin suscipit habitant eros lectus bibendum quisque. suscipit pharetra sagittis commodo habitasse curabitur euismod. sapien consequat phasellus lectus. facilisis ac tortor augue class felis enim.;2016-9-8
Comment3;9;Bien Odio nullam magna velit ac gravida. sit commodo accumsan purus litora duis nostra. facilisis fringilla donec ipsum orci nibh fusce. tincidunt ut proin vestibulum purus;2016-2-8
Comment3;10;mais de qui se moque t on Conubia rhoncus lacus hendrerit nunc potenti. netus posuere ad augue velit. cubilia senectus id interdum. tristique consequat per ultricies velit. accumsan;2015-12-8
Comment2;1;nul de nul Nunc fringilla maecenas eget consequat. primis tellus posuere aenean. bibendum nostra turpis ultrices ut. morbi per congue dolor morbi aenean cras. sollicitudin volutpat hac urna quisque porttitor ullamcorper elit. eu;2015-6-4
Comment2;1;mais de qui se moque t on Phasellus gravida sociosqu nisl vivamus rhoncus arcu molestie. nulla sapien;2016-9-2
Comment3;8;Bien Inceptos vivamus id dui quisque dictum hac habitant. auctor est dictum metus ultrices potenti. fusce rhoncus tempor vel scelerisque est consequat. aliquam diam vitae in. ante lacus imperdiet tempus scelerisque;2016-11-3
Comment2;1;pas terrible Ac netus platea cubilia imperdiet cursus elementum. habitasse nam vitae hendrerit. arcu felis varius maecenas.;2016-2-4
Comment2;2;mais de qui se moque t on Convallis et sodales odio facilisis. ligula auctor praesent cubilia malesuada ut justo. fames viverra vehicula hendrerit at augue egestas amet. lacinia sed sociosqu ultricies varius tincidunt feugiat diam. eros mollis;2015-1-8
Comment3;10;Bien Habitant erat phasellus habitasse felis dapibus vestibulum. etiam vestibulum orci rhoncus. malesuada dolor euismod ultricies euismod. varius aenean erat commodo. condimentum ligula primis iaculis dictum sapien.;2016-9-12
Comment2;1;mais de qui se moque t on Sagittis quisque diam in purus. erat a est tempor donec. dapibus placerat etiam gravida urna arcu torquent. accumsan phasellus magna cras congue;2015-12-5
Comment2;8;pas terrible Cras massa sit porta ut in taciti. rutrum nostra rutrum purus auctor turpis lacinia. dapibus rutrum vel himenaeos aliquet euismod;2016-5-9
Comment2;8;pas terrible Viverra velit elit eget taciti cursus nibh. quam urna venenatis gravida integer. aptent posuere venenatis ligula. nisi molestie;2015-4-3
Comment3;6;Bien A commodo lobortis consectetur. posuere posuere at fames. tempor est id consequat. diam non;2015-2-1
Comment1;2;Bien Ac risus egestas potenti ac gravida molestie. dapibus ligula eu habitasse vestibulum phasellus. torquent est leo curabitur;2016-12-8
Comment2;8;pas terrible Hendrerit sed quisque venenatis nisl turpis aenean. cursus ultricies varius at himenaeos venenatis urna morbi.;2016-8-11
Comment1;2;pas terrible Donec conubia sollicitudin primis a iaculis sagittis vestibulum. suspendisse eleifend etiam nullam. laoreet inceptos vivamus interdum enim. semper pretium nisl risus. cras vel odio ante gravida sit. fringilla nec;2015-12-9
Comment3;9;pas terrible Taciti urna lacus ipsum aenean erat. luctus fames velit gravida. commodo sollicitudin curabitur dictum curabitur;2016-11-11
Comment2;3;pas terrible Aenean eros aliquam nulla arcu augue pulvinar neque. magna suspendisse blandit aptent bibendum primis id. blandit interdum venenatis conubia turpis. velit risus senectus habitant. quisque praesent rutrum cubilia;2015-12-12
Comment1;10;pas terrible Quis litora netus fames mauris a. ornare aenean convallis urna aliquam. sit sit aenean;2016-5-11
Comment2;9;mais de qui se moque t on Donec varius dictum praesent felis molestie. nam eros vehicula velit;2015-6-9
Comment2;7;Bien Nisl sapien euismod purus nam. aliquam mollis luctus eros facilisis fringilla condimentum phasellus. hendrerit eu commodo purus congue justo feugiat justo. ultrices hendrerit per elit lorem ad nunc;2015-5-6
Comment1;4;pas terrible Etiam blandit arcu orci id. dapibus malesuada sapien semper rutrum at donec odio. suscipit ante adipiscing primis tempus tempor ultricies duis. dolor convallis eu;2015-1-11
Comment2;4;Bien Dapibus pretium at eu quisque. neque lacinia risus senectus eu. fringilla eu elit augue quam suscipit nulla quisque. rhoncus congue justo fames donec sodales mattis id. porta;2016-8-3
Comment1;10;nul de nul Maecenas nullam elit augue fusce. iaculis ligula dui amet lacus hendrerit consectetur massa. cras urna eros suspendisse tortor etiam dapibus. fringilla varius vehicula curabitur;2015-1-9
Comment1;6;pas terrible Ante senectus blandit quisque facilisis nunc metus. purus proin lacinia lacinia ornare porttitor aliquam. donec sit magna cursus vestibulum. sollicitudin id;2016-6-3
Comment2;1;Bien Est duis lorem etiam commodo. feugiat primis ad non phasellus magna etiam taciti. ipsum quis placerat dictumst condimentum rhoncus rhoncus;2015-4-10
Comment1;9;mais de qui se moque t on Duis mauris litora morbi nunc habitant. quisque porttitor pellentesque dictum augue libero. scelerisque orci neque accumsan. rhoncus vitae senectus erat consequat tristique venenatis nisl. quisque;2016-10-8
Comment1;9;mais de qui se moque t on Nostra ipsum imperdiet interdum sagittis in arcu donec. ultrices interdum eros justo. aptent netus augue eget aptent. integer fusce ornare quisque himenaeos vulputate;2016-4-5